UserName,FirstName,LastName,State,Department,Position
Brown4456,Mia,Brown,MA,Admin Offices,Accountant I
LaRotonda6572,William  ,LaRotonda,MA,Admin Offices,Accountant I
Steans3333,Tyrone  ,Steans,MA,Admin Offices,Accountant I
Howard0782,Estelle,Howard,MA,Admin Offices,Administrative Assistant
Singh9817,Nan ,Singh,MA,Admin Offices,Administrative Assistant
Smith7713,Leigh Ann,Smith,MA,Admin Offices,Administrative Assistant
Clayton2902,Rick,Clayton,MA,IT/IS,IT Support
Galia2093,Lisa,Galia,CT,IT/IS,IT Support
Boutwell0188,Bonalyn,Boutwell,MA,Admin Offices,Sr. Accountant
Foster-Baker1308,Amy,Foster-Baker,MA,Admin Offices,Sr. Accountant
King5124,Janet,King,MA,Executive Office,President & CEO
Lindsay0312,Leonara ,Lindsay,CT,IT/IS,IT Support
Becker4056,Renee,Becker,MA,IT/IS,Database Administrator
Goble3738,Taisha,Goble,MA,IT/IS,Database Administrator
Hernandez1156,Daniff,Hernandez,MA,IT/IS,Database Administrator
Horton5718,Jayne,Horton,MA,IT/IS,Database Administrator
Johnson8246,Noelle ,Johnson,MA,IT/IS,Database Administrator
Murray8403,Thomas,Murray,TX,IT/IS,Database Administrator
Pearson3965,Randall,Pearson,MA,IT/IS,Database Administrator
Petrowsky7853,Thelma,Petrowsky,MA,IT/IS,Database Administrator
Roby8885,Lori ,Roby,MA,IT/IS,Database Administrator
Rogers2255,Ivan,Rogers,MA,IT/IS,Database Administrator
Salter0148,Jason,Salter,MA,IT/IS,Database Administrator
Simard0278,Kramer,Simard,MA,IT/IS,Database Administrator
Zhou9732,Julia,Zhou,MA,IT/IS,Database Administrator
Soto2263,Julia ,Soto,MA,IT/IS,IT Support
LeBlanc4115,Brandon  R,LeBlanc,MA,Admin Offices,Shared Services Manager
Quinn3417,Sean,Quinn,MA,Admin Offices,Shared Services Manager
Zamora0816,Jennifer,Zamora,MA,IT/IS,CIO
Bramante0066,Elisa,Bramante,MA,Production       ,Director of Operations
Albert2311,Michael  ,Albert,MA,Production       ,Production Manager
Bozzi4580,Charles,Bozzi,MA,Production       ,Production Manager
Butler9990,Webster  L,Butler,MA,Production       ,Production Manager
Dunn0147,Amy  ,Dunn,MA,Production       ,Production Manager
Bacong2023,Alejandro ,Bacong,MA,IT/IS,Network Engineer
Cisco4173,Anthony,Cisco,MA,IT/IS,Network Engineer
Dolan3540,Linda,Dolan,MA,IT/IS,Network Engineer
Gonzalez9991,Maria,Gonzalez,MA,IT/IS,Network Engineer
Merlos3013,Carlos,Merlos,MA,IT/IS,Network Engineer
Morway6578,Tanya,Morway,MA,IT/IS,Network Engineer
Shepard4183,Anita ,Shepard,MA,IT/IS,Network Engineer
Tredinnick5466,Neville ,Tredinnick,MA,IT/IS,Network Engineer
Turpin1506,Jumil,Turpin,MA,IT/IS,Network Engineer
Ait Sidi0199,"Sidi, Karthikeyan   ",Ait Sidi,MA,IT/IS,Sr. DBA
Carr2337,Claudia  N,Carr,MA,IT/IS,Sr. DBA
Favis1562,Donald  ,Favis,CT,IT/IS,Sr. DBA
Roehrich0266,Bianca,Roehrich,MA,IT/IS,Sr. DBA
Daniele1312,Ann  ,Daniele,CT,IT/IS,Sr. Network Engineer
Lajiri8108,Jyoti,Lajiri,MA,IT/IS,Sr. Network Engineer
Semizoglou3591,Jeremiah  ,Semizoglou,MA,IT/IS,Sr. Network Engineer
South0959,Joe,South,CT,IT/IS,Sr. Network Engineer
Warfield2347,Sarah,Warfield,MA,IT/IS,Sr. Network Engineer
Gray0077,Elijiah  ,Gray,MA,Production       ,Production Manager
Hogland4783,Jonathan ,Hogland,MA,Production       ,Production Manager
Immediato5874,Walter,Immediato,MA,Production       ,Production Manager
Liebig4679,Ketsia,Liebig,MA,Production       ,Production Manager
Miller7351,Brannon,Miller,MA,Production       ,Production Manager
Peterson5355,Ebonee  ,Peterson,MA,Production       ,Production Manager
Spirea4149,Kelley,Spirea,MA,Production       ,Production Manager
Stanley4650,David ,Stanley,MA,Production       ,Production Manager
Sullivan7298,Kissy ,Sullivan,MA,Production       ,Production Manager
Wallace1026,Courtney  E,Wallace,MA,Production       ,Production Manager
Houlihan1646,Debra,Houlihan,RI,Sales,Director of Sales
Foss1000,Jason,Foss,MA,IT/IS,IT Director
Roup6933,"Roup,Simon",Roup,MA,IT/IS,IT Manager - DB
Ruiz5250,Ricardo,Ruiz,MA,IT/IS,IT Manager - DB
Monroe2863,Peter,Monroe,MA,IT/IS,IT Manager - Infra
Adinolfi0522,Wilson  K,Adinolfi,MA,Production       ,Production Technician I
Alagbe2883,"Alagbe,Trina",Alagbe,MA,Production       ,Production Technician I
Anderson7624,Carol ,Anderson,MA,Production       ,Production Technician I
Anderson5947,Linda  ,Anderson,MA,Production       ,Production Technician I
Athwal2124,Sam,Athwal,MA,Production       ,Production Technician I
Bachiochi1409,Linda,Bachiochi,MA,Production       ,Production Technician I
Baczenski0083,Rachael  ,Baczenski,MA,Production       ,Production Technician I
Barbara3507,Thomas,Barbara,MA,Production       ,Production Technician I
Dougall3754,Eric,Dougall,MA,IT/IS,IT Manager - Support
Barton1962,Nader,Barton,MA,Production       ,Production Technician I
Beatrice6194,Courtney ,Beatrice,MA,Production       ,Production Technician I
Becker9777,Scott,Becker,MA,Production       ,Production Technician I
Bernstein9366,Sean,Bernstein,MA,Production       ,Production Technician I
Biden1844,Lowan  M,Biden,MA,Production       ,Production Technician I
Billis0366,Helen,Billis,MA,Production       ,Production Technician I
Brill8293,Donna,Brill,MA,Production       ,Production Technician I
Bugali9635,Josephine ,Bugali,MA,Production       ,Production Technician I
Sweetwater4719,Alex,Sweetwater,MA,Software Engineering     ,Software Engineering Manager
Chace8062,Beatrice ,Chace,MA,Production       ,Production Technician I
Chan7282,Lin,Chan,MA,Production       ,Production Technician I
Chang0129,Donovan  E,Chang,MA,Production       ,Production Technician I
Chivukula3394,Enola,Chivukula,MA,Production       ,Production Technician I
Cierpiszewski3295,Caroline  ,Cierpiszewski,MA,Production       ,Production Technician I
Clukey9280,Elijian,Clukey,MA,Production       ,Production Technician I
Cockel1009,James,Cockel,MA,Production       ,Production Technician I
Cole0968,Spencer,Cole,MA,Production       ,Production Technician I
Bunbury3368,Jessica,Bunbury,VA,Sales,Area Sales Manager
Crimmings3172,Jean,Crimmings,MA,Production       ,Production Technician I
Darson9612,Jene'ya ,Darson,MA,Production       ,Production Technician I
DeGweck8816,James,DeGweck,MA,Production       ,Production Technician I
Desimone2124,Carl ,Desimone,MA,Production       ,Production Technician I
Dickinson6285,Geoff ,Dickinson,MA,Production       ,Production Technician I
DiNocco8696,Lily ,DiNocco,MA,Production       ,Production Technician I
Dobrin1618,Denisa  S,Dobrin,MA,Production       ,Production Technician I
Eaton7865,Marianne,Eaton,MA,Production       ,Production Technician I
Carter5721,Michelle ,Carter,VT,Sales,Area Sales Manager
Dietrich9481,Jenna  ,Dietrich,WA,Sales,Area Sales Manager
Estremera5243,Miguel,Estremera,MA,Production       ,Production Technician I
Evensen7392,April,Evensen,MA,Production       ,Production Technician I
Ferguson2511,Susan,Ferguson,MA,Production       ,Production Technician I
Fernandes3339,Nilson  ,Fernandes,MA,Production       ,Production Technician I
Ferreira9012,Violeta,Ferreira,MA,Production       ,Production Technician I
Fidelia0020,Libby,Fidelia,MA,Production       ,Production Technician I
Garcia1015,Raul,Garcia,MA,Production       ,Production Technician I
Garneau5414,Hamish,Garneau,MA,Production       ,Production Technician I
Digitale9197,Alfred,Digitale,NH,Sales,Area Sales Manager
Gentry2192,Mildred,Gentry,MA,Production       ,Production Technician I
Gerke0622,Melisa,Gerke,MA,Production       ,Production Technician I
Gilles0960,Alex,Gilles,MA,Production       ,Production Technician I
Girifalco2927,Evelyn,Girifalco,MA,Production       ,Production Technician I
Gold9539,Shenice  ,Gold,MA,Production       ,Production Technician I
Gonzalez1212,Cayo,Gonzalez,MA,Production       ,Production Technician I
Gordon6579,David,Gordon,MA,Production       ,Production Technician I
Goyal3675,Roxana,Goyal,MA,Production       ,Production Technician I
Friedman2843,Gerry,Friedman,NY,Sales,Area Sales Manager
Handschiegl7064,Joanne,Handschiegl,MA,Production       ,Production Technician I
Harrell8241,Ludwick,Harrell,MA,Production       ,Production Technician I
Harrington9602,Christie ,Harrington,MA,Production       ,Production Technician I
Harrison6622,Kara,Harrison,MA,Production       ,Production Technician I
Heitzman7900,Anthony,Heitzman,MA,Production       ,Production Technician I
Ivey9882,Rose ,Ivey,MA,Production       ,Production Technician I
Jackson1438,Maryellen,Jackson,MA,Production       ,Production Technician I
Jacobi2857,Hannah  ,Jacobi,MA,Production       ,Production Technician I
Gill3046,Whitney  ,Gill,OH,Sales,Area Sales Manager
Johnson5721,George,Johnson,MA,Production       ,Production Technician I
Jung7450,Judy  ,Jung,MA,Production       ,Production Technician I
Keatts2462,Kramer ,Keatts,MA,Production       ,Production Technician I
Kinsella7401,Kathleen  ,Kinsella,MA,Production       ,Production Technician I
Kirill3071,Alexandra  ,Kirill,MA,Production       ,Production Technician I
Knapp5683,Bradley  J,Knapp,MA,Production       ,Production Technician I
Kretschmer2610,John,Kretschmer,MA,Production       ,Production Technician I
Langton5987,Enrico,Langton,MA,Production       ,Production Technician I
Leach9409,Dallas,Leach,MA,Production       ,Production Technician I
Gonzales1481,Ricardo,Gonzales,ID,Sales,Area Sales Manager
Linares2315,Marilyn ,Linares,MA,Production       ,Production Technician I
Lydon3353,Allison,Lydon,MA,Production       ,Production Technician I
Lynch8521,Lindsay,Lynch,MA,Production       ,Production Technician I
MacLennan1032,Samuel,MacLennan,MA,Production       ,Production Technician I
Mahoney9259,Lauren  ,Mahoney,MA,Production       ,Production Technician I
Mangal0754,Debbie,Mangal,MA,Production       ,Production Technician I
Maurice4327,Shana,Maurice,MA,Production       ,Production Technician I
Mckenna5167,Sandy,Mckenna,MA,Production       ,Production Technician I
Guilianno7253,Mike,Guilianno,TN,Sales,Area Sales Manager
Medeiros9256,Jennifer,Medeiros,MA,Production       ,Production Technician I
Motlagh4121,Dawn,Motlagh,MA,Production       ,Production Technician I
Ndzi3041,Colombui,Ndzi,MA,Production       ,Production Technician I
Ndzi3041,Horia,Ndzi,MA,Production       ,Production Technician I
Newman3044,Richard ,Newman,MA,Production       ,Production Technician I
Ngodup6020,Shari ,Ngodup,MA,Production       ,Production Technician I
Nguyen2357,Lei-Ming,Nguyen,MA,Production       ,Production Technician I
O'hare4851,Lynn,O'hare,MA,Production       ,Production Technician I
Leruth1660,Giovanni,Leruth,UT,Sales,Area Sales Manager
Owad4335,Clinton,Owad,MA,Production       ,Production Technician I
Panjwani9531,Nina,Panjwani,MA,Production       ,Production Technician I
Pelech0058,Emil,Pelech,MA,Production       ,Production Technician I
Perry9186,Shakira,Perry,MA,Production       ,Production Technician I
Peterson9944,Kayla ,Peterson,MA,Production       ,Production Technician I
Pham7440,Hong,Pham,MA,Production       ,Production Technician I
Pitt5072,Brad ,Pitt,MA,Production       ,Production Technician I
Power4274,Morissa,Power,MA,Production       ,Production Technician I
Mullaney7978,Howard,Mullaney,AL,Sales,Area Sales Manager
Purinton2926,Janine,Purinton,MA,Production       ,Production Technician I
Rarrick8229,Quinn,Rarrick,MA,Production       ,Production Technician I
Rhoads0793,Thomas,Rhoads,MA,Production       ,Production Technician I
Rivera7642,Haley  ,Rivera,MA,Production       ,Production Technician I
Robinson8000,Alain  ,Robinson,MA,Production       ,Production Technician I
Robinson5625,Cherly,Robinson,MA,Production       ,Production Technician I
Robinson2887,Elias,Robinson,MA,Production       ,Production Technician I
Rose7555,Ashley  ,Rose,MA,Production       ,Production Technician I
Rossetti7492,Bruno,Rossetti,MA,Production       ,Production Technician I
Ozark1761,Travis,Ozark,NC,Sales,Area Sales Manager
Sadki0535,Nore  ,Sadki,MA,Production       ,Production Technician I
Sander3362,Kamrin,Sander,MA,Production       ,Production Technician I
Sewkumar0161,Nori,Sewkumar,MA,Production       ,Production Technician I
Shields3102,Seffi,Shields,MA,Production       ,Production Technician I
Smith1909,Sade,Smith,MA,Production       ,Production Technician I
Sparks1137,Taylor  ,Sparks,MA,Production       ,Production Technician I
Squatrito7138,Kristen,Squatrito,MA,Production       ,Production Technician I
Stanford0244,M,Stanford,MA,Production       ,Production Technician I
Strong1295,Caitrin,Strong,MT,Sales,Area Sales Manager
Sullivan1310,Timothy,Sullivan,MA,Production       ,Production Technician I
Sutwell9061,Barbara,Sutwell,MA,Production       ,Production Technician I
Tavares7501,Desiree  ,Tavares,MA,Production       ,Production Technician I
Theamstern6739,Sophia,Theamstern,MA,Production       ,Production Technician I
Tinto4504,Theresa  ,Tinto,MA,Production       ,Production Technician I
Tippett0255,Jeanette,Tippett,MA,Production       ,Production Technician I
Trang3152,Mei,Trang,MA,Production       ,Production Technician I
Veera2235,Abdellah ,Veera,MA,Production       ,Production Technician I
Valentin3714,"Valentin,Jackie",Valentin,AZ,Sales,Area Sales Manager
Von Massenbach6474,"Massenbach, Anna",Von Massenbach,MA,Production       ,Production Technician I
Wallace3619,Theresa,Wallace,MA,Production       ,Production Technician I
Whittier0212,Scott,Whittier,MA,Production       ,Production Technician I
Wilber3839,Barry,Wilber,MA,Production       ,Production Technician I
Williams0671,Jacquelyn  ,Williams,MA,Production       ,Production Technician I
Ybarra8402,Catherine ,Ybarra,MA,Production       ,Production Technician I
Zima1232,Colleen,Zima,MA,Production       ,Production Technician I
Akinkuolie9209,Sarah,Akinkuolie,MA,Production       ,Production Technician II
Villanueva0503,Noah,Villanueva,ME,Sales,Area Sales Manager
Blount6125,Dianna,Blount,MA,Production       ,Production Technician II
Bondwell1030,Betsy,Bondwell,MA,Production       ,Production Technician II
Buccheri3457,Joseph  ,Buccheri,MA,Production       ,Production Technician II
Burke2820,Joelle,Burke,MA,Production       ,Production Technician II
Burkett2449,Benjamin ,Burkett,MA,Production       ,Production Technician II
Cloninger3226,Jennifer,Cloninger,MA,Production       ,Production Technician II
Close8697,Phil,Close,MA,Production       ,Production Technician II
Davis1274,Daniel,Davis,MA,Production       ,Production Technician II
Barone3679,Francesco  A,Barone,MA,Production       ,Production Technician I
Erilus5661,Angela,Erilus,MA,Production       ,Production Technician II
Faller8428,Megan ,Faller,MA,Production       ,Production Technician II
Fancett5085,Nicole,Fancett,MA,Production       ,Production Technician II
Fitzpatrick9103,Michael  J,Fitzpatrick,MA,Production       ,Production Technician II
Foreman3204,Tanya,Foreman,MA,Production       ,Production Technician II
Gonzalez1324,Juan,Gonzalez,MA,Production       ,Production Technician II
Good9006,Susan,Good,MA,Production       ,Production Technician II
Gosciminski8351,Phylicia  ,Gosciminski,MA,Production       ,Production Technician II
Carey3114,Michael  ,Carey,MA,Production       ,Production Technician I
Cornett6069,Lisa ,Cornett,MA,Production       ,Production Technician I
Homberger6956,Adrienne  J,Homberger,MA,Production       ,Production Technician II
Hunts6433,Julissa,Hunts,MA,Production       ,Production Technician II
Hutter4924,Rosalie,Hutter,MA,Production       ,Production Technician II
Huynh8509,Ming,Huynh,MA,Production       ,Production Technician II
Jeannite0942,Tayana,Jeannite,MA,Production       ,Production Technician II
Johnston7810,Yen,Johnston,MA,Production       ,Production Technician II
Langford2030,Lindsey,Langford,MA,Production       ,Production Technician II
Latif5486,Mohammed,Latif,MA,Production       ,Production Technician II
Engdahl0403,Jean,Engdahl,MA,Production       ,Production Technician I
Lundy6276,Susan,Lundy,MA,Production       ,Production Technician II
Lunquist4432,Lisa,Lunquist,MA,Production       ,Production Technician II
Manchester9623,Robyn,Manchester,MA,Production       ,Production Technician II
Mancuso5986,Karen,Mancuso,MA,Production       ,Production Technician II
McCarthy7957,Brigit,McCarthy,MA,Production       ,Production Technician II
Miller3439,Ned,Miller,MA,Production       ,Production Technician II
Monkfish6711,Erasumus  ,Monkfish,MA,Production       ,Production Technician II
Monterro3149,Luisa,Monterro,MA,Production       ,Production Technician II
England3612,Rex,England,MA,Production       ,Production Technician I
Moumanil2436,Maliki ,Moumanil,MA,Production       ,Production Technician II
Nowlan5435,Kristie,Nowlan,MA,Production       ,Production Technician II
Oliver6521,Brooke ,Oliver,MA,Production       ,Production Technician II
Pelletier1821,Ermine,Pelletier,MA,Production       ,Production Technician II
Peters1406,Lauren,Peters,MA,Production       ,Production Technician II
Petingill4843,Shana  ,Petingill,MA,Production       ,Production Technician II
Roberson5340,May,Roberson,MA,Production       ,Production Technician II
Robertson2991,Peter,Robertson,MA,Production       ,Production Technician II
Gaul6041,Barbara,Gaul,MA,Production       ,Production Technician I
Sloan3103,Constance,Sloan,MA,Production       ,Production Technician II
Smith0770,Joe,Smith,MA,Production       ,Production Technician II
Tejeda8345,Lenora ,Tejeda,MA,Production       ,Production Technician II
Thibaud2777,Kenneth,Thibaud,MA,Production       ,Production Technician II
Trzeciak7551,Cybil,Trzeciak,MA,Production       ,Production Technician II
Walker2818,Roger,Walker,MA,Production       ,Production Technician II
Winthrop7188,Jordan  ,Winthrop,MA,Production       ,Production Technician II
Wolk3180,Hang  T,Wolk,MA,Production       ,Production Technician II
Woodson3010,Jason,Woodson,MA,Production       ,Production Technician II
Buck3313,Edward,Buck,MA,Sales,Area Sales Manager
Gross4859,Paula,Gross,MA,Production       ,Production Technician I
Jhaveri1713,Sneha  ,Jhaveri,MA,Production       ,Production Technician I
Costa0567,Latia,Costa,CA,Sales,Area Sales Manager
LeBel7575,Jonathan  R,LeBel,MA,Production       ,Production Technician I
Meads0245,Elizabeth,Meads,MA,Production       ,Production Technician I
Fraval1302,Maruk ,Fraval,CT,Sales,Area Sales Manager
Osturnka6949,Adeel,Osturnka,MA,Production       ,Production Technician I
Punjabhi4562,Louis  ,Punjabhi,MA,Production       ,Production Technician I
Givens2099,Myriam,Givens,IN,Sales,Area Sales Manager
Saar-Beckles0998,Melinda,Saar-Beckles,MA,Production       ,Production Technician I
Stoica6896,Rick,Stoica,MA,Production       ,Production Technician I
4890,Prater,,NV,Sales,Area Sales Manager
Khemmich5008,Bartholemew,Khemmich,CO,Sales,Area Sales Manager
Volk2814,Colleen,Volk,MA,Production       ,Production Technician I
Martins8771,Joseph,Martins,TX,Sales,Area Sales Manager
McKinzie9326,Jac,McKinzie,TX,Sales,Area Sales Manager
Beak4329,Kimberly  ,Beak,MA,Production       ,Production Technician II
Nguyen0684,Dheepa,Nguyen,GA,Sales,Area Sales Manager
Onque2180,Jasmine,Onque,FL,Sales,Area Sales Manager
Demita5179,Carla,Demita,MA,Production       ,Production Technician II
Potts4106,Xana,Potts,KY,Sales,Area Sales Manager
Riordan2711,Michael,Riordan,ND,Sales,Area Sales Manager
Hankard9937,Earnest,Hankard,MA,Production       ,Production Technician II
Terry4637,Sharlene ,Terry,OR,Sales,Area Sales Manager
Hendrickson2932,Trina,Hendrickson,MA,Production       ,Production Technician II
Linden7565,Mathew,Linden,MA,Production       ,Production Technician II
Moran9503,Patrick,Moran,MA,Production       ,Production Technician II
Daneault5303,Lynn,Daneault,VT,Sales,Sales Manager
Kampew9264,Donysha    ,Kampew,PA,Sales,Sales Manager
Smith2910,John,Smith,MA,Sales,Sales Manager
Andreola7358,Colby,Andreola,MA,Software Engineering,Software Engineer
Carabbio3577,Judith,Carabbio,MA,Software Engineering,Software Engineer
Del Bosque2498,"Bosque, Keyla",Del Bosque,MA,Software Engineering,Software Engineer
Exantus4670,Susan,Exantus,MA,Software Engineering,Software Engineer
Martin4625,Sandra,Martin,MA,Software Engineering,Software Engineer
Patronick0979,Luke,Patronick,MA,Software Engineering,Software Engineer
Saada3185,Adell,Saada,MA,Software Engineering,Software Engineer
Szabo1324,Andrew,Szabo,MA,Software Engineering,Software Engineer
True4057,Edward,TRUE,MA,Software Engineering,Software Engineer
Sahoo6462,Adil,Sahoo,MA,Production       ,Production Technician II
